{
  "mid_side_b2": true,
  "bins": 640,
  "unstable_bins": 7,
  "reduction_bins": 565,
  "band": {
    "1": {
      "sr": 11025,
      "hl": 108,
      "n_fft": 1024,
      "crop_start": 0,
      "crop_stop": 187,
      "lpf_start": 92,
      "lpf_stop": 186,
      "res_type": "polyphase"
    },
    "2": {
      "sr": 22050,
      "hl": 216,
      "n_fft": 768,
      "crop_start": 0,
      "crop_stop": 212,
      "hpf_start": 68,
      "hpf_stop": 34,
      "lpf_start": 174,
      "lpf_stop": 209,
      "res_type": "polyphase"
    },
    "3": {
      "sr": 44100,
      "hl": 432,
      "n_fft": 640,
      "crop_start": 66,
      "crop_stop": 307,
      "hpf_start": 86,
      "hpf_stop": 72,
      "res_type": "kaiser_fast"
    }
  },
  "sr": 44100,
  "pre_filter_start": 639,
  "pre_filter_stop": 640
}
