{
  "mid_side_b2": true,
  "bins": 1280,
  "unstable_bins": 7,
  "reduction_bins": 565,
  "band": {
    "1": {
      "sr": 11025,
      "hl": 108,
      "n_fft": 2048,
      "crop_start": 0,
      "crop_stop": 374,
      "lpf_start": 92,
      "lpf_stop": 186,
      "res_type": "polyphase"
    },
    "2": {
      "sr": 22050,
      "hl": 216,
      "n_fft": 1536,
      "crop_start": 0,
      "crop_stop": 424,
      "hpf_start": 68,
      "hpf_stop": 34,
      "lpf_start": 348,
      "lpf_stop": 418,
      "res_type": "polyphase"
    },
    "3": {
      "sr": 44100,
      "hl": 432,
      "n_fft": 1280,
      "crop_start": 132,
      "crop_stop": 614,
      "hpf_start": 172,
      "hpf_stop": 144,
      "res_type": "polyphase"
    }
  },
  "sr": 44100,
  "pre_filter_start": 1280,
  "pre_filter_stop": 1280
}
